BENE_SEX_IDENT_CD_max,DESYNPUF_ID_count,HOSPICE_FLAG_sum,percent_hospice
1,350009,14921,0.0426303323628821
2,465993,20359,0.04368949748172183
