BENE_RACE_CD_max,DESYNPUF_ID_count,HOSPICE_FLAG_sum,percent_hospice
1,912682,30497,0.03341470523139494
2,113335,3574,0.03153483037014162
3,44677,1210,0.027083286702330057
5,25383,724,0.028523027222944492
