BENE_RACE_CD_max,DESYNPUF_ID_count,HOSPICE_FLAG_sum,percent_hospice
1,688522,29887,0.04340747281858822
2,80409,3503,0.043564775087365844
3,29826,1182,0.03962985314825991
5,17245,708,0.041055378370542184
